VIGENCIA,COD_ESTADO_DEPTO,ESTADO_DEPTO,PER_OCU,PER_DECLA,EVENTOS
1998,0,SIN DEFINIR,1728,482,1741
1998,5,Antioquia,103435,16120,111220
1998,8,Atlantico,532,4415,566
1998,11,"Bogota, D.C.",590,5641,662
1998,13,Bolivar,57351,6921,61295
1998,15,Boyaca,1444,24,1667
1998,17,Caldas,2510,16,2788
1998,18,Caqueta,6931,142,7710
1998,19,Cauca,3818,19,4244
1998,20,Cesar,15215,2609,16612
1998,23,Cordoba,13704,6834,14718
1998,25,Cundinamarca,4564,373,5123
1998,27,Choco,12906,1473,14097
1998,41,Huila,2245,1390,2503
1998,44,La Guajira,3245,504,3754
1998,47,Magdalena,16578,480,18630
1998,50,Meta,10460,2965,11515
1998,52,Nariï¿½o,2242,126,2515
1998,54,Norte De Santander,6957,1760,7535
1998,63,Quindio,307,34,358
1998,66,Risaralda,2487,379,2945
1998,68,Santander,11977,8208,13135
1998,70,Sucre,12470,594,13060
1998,73,Tolima,5393,1665,6068
1998,76,Valle del Cauca,4722,114,5287
1998,81,Arauca,3049,13,3303
1998,85,Casanare,3426,69,4102
1998,86,Putumayo,4025,47,4429
1998,88,"Archip.De San Andres, Providencia y Santa Catalina",14,0,14
1998,91,Amazonas,48,1,54
1998,94,Guainia,116,27,121
1998,95,Guaviare,2847,35,3254
1998,97,Vaupes,4174,5,5708
1998,99,Vichada,574,13,639
1999,0,SIN DEFINIR,3350,463,3361
1999,5,Antioquia,84633,10111,91346
1999,8,Atlantico,752,2234,828
1999,11,"Bogota, D.C.",808,3878,907
1999,13,Bolivar,57311,3077,62375
1999,15,Boyaca,2347,35,2731
1999,17,Caldas,4037,62,4620
1999,18,Caqueta,10200,4291,11062
1999,19,Cauca,5230,84,5839
1999,20,Cesar,16877,1362,18489
1999,23,Cordoba,23244,3389,25122
1999,25,Cundinamarca,4699,419,5341
1999,27,Choco,12576,624,13582
1999,41,Huila,2604,1571,2901
1999,44,La Guajira,3754,396,4117
1999,47,Magdalena,32248,3357,36019
1999,50,Meta,11922,3411,13293
1999,52,Nariï¿½o,3284,357,3635
1999,54,Norte De Santander,23657,6349,25992
1999,63,Quindio,515,66,596
1999,66,Risaralda,2547,464,2942
1999,68,Santander,8873,4335,9969
1999,70,Sucre,14361,658,15112
1999,73,Tolima,8797,1731,9933
1999,76,Valle del Cauca,13979,1580,15577
1999,81,Arauca,3292,732,3686
1999,85,Casanare,3564,313,4110
1999,86,Putumayo,6475,57,7344
1999,88,"Archip.De San Andres, Providencia y Santa Catalina",2,5,2
1999,91,Amazonas,82,0,86
1999,94,Guainia,239,3,255
1999,95,Guaviare,2029,104,2174
1999,97,Vaupes,800,28,919
1999,99,Vichada,635,97,701
2000,0,SIN DEFINIR,12329,4528,12421
2000,5,Antioquia,179154,80942,199192
2000,8,Atlantico,2256,18801,2558
2000,11,"Bogota, D.C.",1021,8203,1134
2000,13,Bolivar,115968,36638,130839
2000,15,Boyaca,2256,1065,2570
2000,17,Caldas,8138,762,9396
2000,18,Caqueta,14529,9010,15631
2000,19,Cauca,19101,3353,21171
2000,20,Cesar,40335,13230,43832
2000,23,Cordoba,26429,17431,28142
2000,25,Cundinamarca,10097,3776,11195
2000,27,Choco,28943,20915,31594
2000,41,Huila,4651,2631,5150
2000,44,La Guajira,9912,4146,10714
2000,47,Magdalena,68719,16773,77799
2000,50,Meta,15095,10122,16229
2000,52,Nariï¿½o,7326,2256,8199
2000,54,Norte De Santander,20825,6747,22851
2000,63,Quindio,813,626,906
2000,66,Risaralda,5437,2815,6085
2000,68,Santander,18315,15505,20129
2000,70,Sucre,39460,28429,41817
2000,73,Tolima,18925,6696,21180
2000,76,Valle del Cauca,24617,17504,27081
2000,81,Arauca,3888,1297,4249
2000,85,Casanare,5447,1332,6240
2000,86,Putumayo,22188,5917,25402
2000,88,"Archip.De San Andres, Providencia y Santa Catalina",0,2,0
2000,91,Amazonas,146,16,181
2000,94,Guainia,322,2,359
2000,95,Guaviare,3824,1024,4089
2000,97,Vaupes,726,35,802
2000,99,Vichada,1100,323,1211
2001,0,SIN DEFINIR,2882,155,2895
2001,5,Antioquia,184529,84048,202587
2001,8,Atlantico,2416,21878,2750
2001,11,"Bogota, D.C.",1391,19213,1527
2001,13,Bolivar,88001,40017,95197
2001,15,Boyaca,3956,2232,4511
2001,17,Caldas,15681,2020,17523
2001,18,Caqueta,22645,8763,24745
2001,19,Cauca,36771,21219,41503
2001,20,Cesar,50478,18725,54620
2001,23,Cordoba,29921,27322,31389
2001,25,Cundinamarca,12130,5756,13327
2001,27,Choco,34768,16439,37147
2001,41,Huila,6440,6475,6809
2001,44,La Guajira,7616,6640,8080
2001,47,Magdalena,56131,24624,62103
2001,50,Meta,15846,7327,17126
2001,52,Nariï¿½o,16049,13057,17437
2001,54,Norte De Santander,23722,10506,25730
2001,63,Quindio,1273,2138,1426
2001,66,Risaralda,6274,4970,7013
2001,68,Santander,27032,24946,29566
2001,70,Sucre,38591,42047,41061
2001,73,Tolima,28383,8151,31445
2001,76,Valle del Cauca,32598,30609,36133
2001,81,Arauca,4575,1010,4950
2001,85,Casanare,8664,3316,9604
2001,86,Putumayo,27016,8105,29049
2001,88,"Archip.De San Andres, Providencia y Santa Catalina",6,2,6
2001,91,Amazonas,114,50,126
2001,94,Guainia,396,52,422
2001,95,Guaviare,5351,2088,5708
2001,97,Vaupes,255,0,281
2001,99,Vichada,1150,316,1247
2002,0,SIN DEFINIR,2356,75,2365
2002,5,Antioquia,144443,67772,159853
2002,8,Atlantico,3055,20657,3411
2002,11,"Bogota, D.C.",2162,36701,2375
2002,13,Bolivar,71784,30602,76249
2002,15,Boyaca,4598,2098,5250
2002,17,Caldas,35928,15883,40464
2002,18,Caqueta,42666,18309,46655
2002,19,Cauca,27205,16004,29849
2002,20,Cesar,69994,27598,75472
2002,23,Cordoba,26912,24753,28135
2002,25,Cundinamarca,29155,14688,32631
2002,27,Choco,51556,23436,58995
2002,41,Huila,11980,14941,12730
2002,44,La Guajira,24980,13663,26904
2002,47,Magdalena,72751,31778,80703
2002,50,Meta,27039,16964,29278
2002,52,Nariï¿½o,30070,21160,33953
2002,54,Norte De Santander,54475,28829,58520
2002,63,Quindio,1674,5432,1836
2002,66,Risaralda,6229,7887,7100
2002,68,Santander,18142,19396,20217
2002,70,Sucre,39692,37487,41786
2002,73,Tolima,34346,16989,37899
2002,76,Valle del Cauca,22962,26252,25260
2002,81,Arauca,12711,4731,14031
2002,85,Casanare,8847,3699,10101
2002,86,Putumayo,35877,15610,38171
2002,88,"Archip.De San Andres, Providencia y Santa Catalina",25,15,25
2002,91,Amazonas,193,75,244
2002,94,Guainia,538,271,575
2002,95,Guaviare,9943,3519,10746
2002,97,Vaupes,502,58,590
2002,99,Vichada,1695,422,1843
2003,0,SIN DEFINIR,1875,85,1888
2003,5,Antioquia,88930,38969,97644
2003,8,Atlantico,3441,8493,4193
2003,11,"Bogota, D.C.",1777,24979,1970
2003,13,Bolivar,37921,12384,40772
2003,15,Boyaca,4263,2971,4751
2003,17,Caldas,16421,4834,18303
2003,18,Caqueta,20998,10415,22621
2003,19,Cauca,16703,7258,18108
2003,20,Cesar,50495,20109,54321
2003,23,Cordoba,10550,6457,11175
2003,25,Cundinamarca,24831,13987,27295
2003,27,Choco,16304,6525,17800
2003,41,Huila,11722,8793,12508
2003,44,La Guajira,16254,8198,17553
2003,47,Magdalena,40078,13462,44818
2003,50,Meta,21101,10479,22899
2003,52,Nariï¿½o,19090,11837,22691
2003,54,Norte De Santander,28196,12383,30605
2003,63,Quindio,1212,2678,1298
2003,66,Risaralda,5968,6320,6590
2003,68,Santander,11631,9328,13218
2003,70,Sucre,21758,9271,23966
2003,73,Tolima,23708,8170,26126
2003,76,Valle del Cauca,30749,27289,35647
2003,81,Arauca,11634,3532,12731
2003,85,Casanare,8573,2851,9789
2003,86,Putumayo,22680,11131,24768
2003,88,"Archip.De San Andres, Providencia y Santa Catalina",2,0,2
2003,91,Amazonas,291,119,331
2003,94,Guainia,356,296,384
2003,95,Guaviare,9798,6265,11331
2003,97,Vaupes,707,99,766
2003,99,Vichada,883,343,963
2004,0,SIN DEFINIR,1654,93,1663
2004,5,Antioquia,76535,35647,83742
2004,8,Atlantico,3666,11401,4580
2004,11,"Bogota, D.C.",1385,25454,1545
2004,13,Bolivar,34811,11909,36791
2004,15,Boyaca,3853,2710,4288
2004,17,Caldas,16357,6000,18440
2004,18,Caqueta,31170,18051,34066
2004,19,Cauca,13694,7760,14726
2004,20,Cesar,43308,17155,47117
2004,23,Cordoba,11684,5932,12349
2004,25,Cundinamarca,8828,7925,9627
2004,27,Choco,21914,7928,23452
2004,41,Huila,8686,9434,9222
2004,44,La Guajira,14952,7641,16127
2004,47,Magdalena,41238,12636,45786
2004,50,Meta,19248,12637,21223
2004,52,Nariï¿½o,13397,10245,14846
2004,54,Norte De Santander,20777,10045,22261
2004,63,Quindio,1649,3111,1825
2004,66,Risaralda,6552,6272,7292
2004,68,Santander,10956,10105,11895
2004,70,Sucre,23982,11526,25515
2004,73,Tolima,19949,9989,21550
2004,76,Valle del Cauca,16228,11645,17925
2004,81,Arauca,12535,5538,13748
2004,85,Casanare,10879,4696,12271
2004,86,Putumayo,16241,7883,17570
2004,88,"Archip.De San Andres, Providencia y Santa Catalina",2,12,2
2004,91,Amazonas,265,189,288
2004,94,Guainia,868,606,893
2004,95,Guaviare,8667,3291,9293
2004,97,Vaupes,997,699,1089
2004,99,Vichada,1532,382,1621
2005,0,SIN DEFINIR,2411,13,2415
2005,5,Antioquia,74646,57126,79566
2005,8,Atlantico,3126,11086,3596
2005,11,"Bogota, D.C.",2379,33223,2522
2005,13,Bolivar,46089,17798,48113
2005,15,Boyaca,3018,2064,3191
2005,17,Caldas,20859,11562,23579
2005,18,Caqueta,24986,11871,26564
2005,19,Cauca,31089,14215,33875
2005,20,Cesar,39073,15092,41430
2005,23,Cordoba,16130,8067,16696
2005,25,Cundinamarca,7520,7900,8078
2005,27,Choco,19511,8915,20849
2005,41,Huila,9520,10114,9978
2005,44,La Guajira,17455,8908,18415
2005,47,Magdalena,44095,13790,48039
2005,50,Meta,28524,22388,30433
2005,52,Nariï¿½o,21971,13316,23680
2005,54,Norte De Santander,17953,9514,18892
2005,63,Quindio,1576,3472,1692
2005,66,Risaralda,5429,4374,5986
2005,68,Santander,11887,12673,12527
2005,70,Sucre,25541,12147,26452
2005,73,Tolima,21659,8229,22948
2005,76,Valle del Cauca,17658,14988,19334
2005,81,Arauca,9990,5444,10584
2005,85,Casanare,5567,4055,5970
2005,86,Putumayo,19104,9367,20698
2005,88,"Archip.De San Andres, Providencia y Santa Catalina",0,10,0
2005,91,Amazonas,179,160,183
2005,94,Guainia,827,1172,868
2005,95,Guaviare,9222,2672,9727
2005,97,Vaupes,914,429,973
2005,99,Vichada,2103,664,2205
2006,0,SIN DEFINIR,1134,1,1137
2006,5,Antioquia,64310,61555,67500
2006,8,Atlantico,2317,11346,2470
2006,11,"Bogota, D.C.",1847,42857,1946
2006,13,Bolivar,44679,27798,46594
2006,15,Boyaca,3097,1776,3279
2006,17,Caldas,11140,3803,12232
2006,18,Caqueta,29881,14726,31128
2006,19,Cauca,23174,15264,24372
2006,20,Cesar,25950,11944,27421
2006,23,Cordoba,16521,9920,17189
2006,25,Cundinamarca,5935,8596,6123
2006,27,Choco,18477,8430,19432
2006,41,Huila,11238,13463,11649
2006,44,La Guajira,16804,8062,17254
2006,47,Magdalena,35888,22388,37681
2006,50,Meta,28806,19357,30427
2006,52,Nariï¿½o,34146,22190,38399
2006,54,Norte De Santander,17894,13646,18626
2006,63,Quindio,1299,3009,1426
2006,66,Risaralda,4960,5996,5481
2006,68,Santander,12425,15628,13016
2006,70,Sucre,15672,10201,16323
2006,73,Tolima,28279,11502,29800
2006,76,Valle del Cauca,30643,25871,32669
2006,81,Arauca,15345,7233,16285
2006,85,Casanare,3033,2704,3296
2006,86,Putumayo,19519,10230,20444
2006,88,"Archip.De San Andres, Providencia y Santa Catalina",3,4,3
2006,91,Amazonas,218,194,222
2006,94,Guainia,1010,985,1092
2006,95,Guaviare,7008,2759,7406
2006,97,Vaupes,577,214,636
2006,99,Vichada,2916,922,3084
2007,0,SIN DEFINIR,852,10904,855
2007,5,Antioquia,62146,94722,65313
2007,8,Atlantico,2173,7725,2281
2007,11,"Bogota, D.C.",2026,53204,2085
2007,13,Bolivar,34743,15389,35728
2007,15,Boyaca,3069,1675,3202
2007,17,Caldas,8621,2910,9208
2007,18,Caqueta,27942,12524,29100
2007,19,Cauca,25155,15505,26382
2007,20,Cesar,22747,14530,23708
2007,23,Cordoba,17687,8201,18295
2007,25,Cundinamarca,7221,10904,7513
2007,27,Choco,20667,17015,21511
2007,41,Huila,14557,16735,15066
2007,44,La Guajira,10627,5574,11001
2007,47,Magdalena,38667,34540,39889
2007,50,Meta,22454,16766,23667
2007,52,Nariï¿½o,56004,37497,62547
2007,54,Norte De Santander,14793,10921,15429
2007,63,Quindio,1583,3365,1687
2007,66,Risaralda,5033,7050,5387
2007,68,Santander,14319,21297,14789
2007,70,Sucre,14189,8705,14787
2007,73,Tolima,32725,14026,34086
2007,76,Valle del Cauca,35846,33681,37758
2007,81,Arauca,18381,12204,19419
2007,85,Casanare,3038,2317,3293
2007,86,Putumayo,21803,9786,22888
2007,88,"Archip.De San Andres, Providencia y Santa Catalina",6,7,6
2007,91,Amazonas,271,82,278
2007,94,Guainia,1044,1081,1089
2007,95,Guaviare,7345,1641,7776
2007,97,Vaupes,635,218,695
2007,99,Vichada,4522,1071,4687
2008,0,SIN DEFINIR,387,21025,391
2008,5,Antioquia,62541,249484,65791
2008,8,Atlantico,1703,15714,1840
2008,11,"Bogota, D.C.",2652,108922,2846
2008,13,Bolivar,22485,24927,23121
2008,15,Boyaca,2388,5074,2467
2008,17,Caldas,5359,9483,5627
2008,18,Caqueta,24988,24248,26125
2008,19,Cauca,31892,37246,33610
2008,20,Cesar,14822,40064,15426
2008,23,Cordoba,25574,30115,26714
2008,25,Cundinamarca,5561,18389,5734
2008,27,Choco,19319,15604,20365
2008,41,Huila,14095,22438,14533
2008,44,La Guajira,8517,13297,8895
2008,47,Magdalena,21355,58957,22043
2008,50,Meta,19079,32898,20025
2008,52,Nariï¿½o,49620,44616,52765
2008,54,Norte De Santander,12481,26879,12900
2008,63,Quindio,1766,6182,1867
2008,66,Risaralda,3863,12751,4105
2008,68,Santander,10319,29333,10628
2008,70,Sucre,9685,25350,9929
2008,73,Tolima,30103,22378,31104
2008,76,Valle del Cauca,31332,51190,32909
2008,81,Arauca,16295,17650,17286
2008,85,Casanare,2188,7397,2360
2008,86,Putumayo,18883,20581,19716
2008,88,"Archip.De San Andres, Providencia y Santa Catalina",0,5,0
2008,91,Amazonas,141,173,157
2008,94,Guainia,801,989,826
2008,95,Guaviare,8535,5671,8971
2008,97,Vaupes,788,545,859
2008,99,Vichada,4335,724,4569
2009,0,SIN DEFINIR,160,13054,165
2009,5,Antioquia,48693,182320,51817
2009,8,Atlantico,875,15345,919
2009,11,"Bogota, D.C.",1613,81292,1691
2009,13,Bolivar,10626,35256,11060
2009,15,Boyaca,1523,3878,1588
2009,17,Caldas,2595,6070,2759
2009,18,Caqueta,17292,17418,18041
2009,19,Cauca,24364,27461,26116
2009,20,Cesar,7060,25402,7412
2009,23,Cordoba,21138,21548,22825
2009,25,Cundinamarca,2911,13850,3106
2009,27,Choco,12355,14142,13027
2009,41,Huila,12356,17428,12892
2009,44,La Guajira,6991,17392,7239
2009,47,Magdalena,7384,28969,7762
2009,50,Meta,10854,26079,11381
2009,52,Nariï¿½o,39948,35630,42030
2009,54,Norte De Santander,7809,20182,8174
2009,63,Quindio,1271,4728,1361
2009,66,Risaralda,2132,9519,2330
2009,68,Santander,5475,18816,5762
2009,70,Sucre,4395,21092,4618
2009,73,Tolima,18264,16534,19105
2009,76,Valle del Cauca,15246,40954,16153
2009,81,Arauca,8897,8313,9503
2009,85,Casanare,1569,5184,1705
2009,86,Putumayo,11713,12650,12265
2009,88,"Archip.De San Andres, Providencia y Santa Catalina",1,5,1
2009,91,Amazonas,147,214,158
2009,94,Guainia,615,1020,642
2009,95,Guaviare,4862,4205,5066
2009,97,Vaupes,426,259,463
2009,99,Vichada,1473,454,1530
2010,0,SIN DEFINIR,150,13156,152
2010,5,Antioquia,53294,156227,57947
2010,8,Atlantico,927,10748,1001
2010,11,"Bogota, D.C.",1210,57406,1266
2010,13,Bolivar,8424,25721,8880
2010,15,Boyaca,678,1484,746
2010,17,Caldas,1468,3555,1624
2010,18,Caqueta,15818,16508,16752
2010,19,Cauca,23033,12530,24960
2010,20,Cesar,3788,25950,4071
2010,23,Cordoba,25907,16832,28111
2010,25,Cundinamarca,1323,8038,1451
2010,27,Choco,9954,14558,10728
2010,41,Huila,9224,10913,9722
2010,44,La Guajira,6358,11682,6861
2010,47,Magdalena,5380,19966,5725
2010,50,Meta,7961,17278,8462
2010,52,Nariï¿½o,33340,26825,34896
2010,54,Norte De Santander,6270,10030,6729
2010,63,Quindio,859,3409,953
2010,66,Risaralda,1126,4493,1313
2010,68,Santander,3565,10978,3766
2010,70,Sucre,3944,20961,4103
2010,73,Tolima,12649,10437,13433
2010,76,Valle del Cauca,14348,24758,15440
2010,81,Arauca,7031,6156,7412
2010,85,Casanare,893,4312,1021
2010,86,Putumayo,9526,8620,10134
2010,88,"Archip.De San Andres, Providencia y Santa Catalina",9,26,9
2010,91,Amazonas,107,231,113
2010,94,Guainia,360,922,373
2010,95,Guaviare,3719,3010,3937
2010,97,Vaupes,297,258,317
2010,99,Vichada,1146,533,1241
2011,0,SIN DEFINIR,152,13299,160
2011,5,Antioquia,64439,134507,70103
2011,8,Atlantico,883,15102,982
2011,11,"Bogota, D.C.",844,37520,963
2011,13,Bolivar,8699,32870,9411
2011,15,Boyaca,694,1515,777
2011,17,Caldas,1135,4068,1267
2011,18,Caqueta,15969,11835,17622
2011,19,Cauca,41732,17884,46824
2011,20,Cesar,3101,24956,3429
2011,23,Cordoba,30075,26677,32476
2011,25,Cundinamarca,1400,10194,1612
2011,27,Choco,15330,15884,16514
2011,41,Huila,8746,9934,9455
2011,44,La Guajira,3594,8930,3896
2011,47,Magdalena,3668,21725,4020
2011,50,Meta,6422,11226,7039
2011,52,Nariï¿½o,40077,28458,42830
2011,54,Norte De Santander,6971,13253,7656
2011,63,Quindio,738,3176,843
2011,66,Risaralda,1146,3451,1318
2011,68,Santander,2643,8248,2807
2011,70,Sucre,3064,22413,3274
2011,73,Tolima,12452,9727,13719
2011,76,Valle del Cauca,37073,28578,39192
2011,81,Arauca,4299,4323,4688
2011,85,Casanare,765,2384,872
2011,86,Putumayo,8971,5743,9862
2011,88,"Archip.De San Andres, Providencia y Santa Catalina",25,25,30
2011,91,Amazonas,124,119,144
2011,94,Guainia,424,594,430
2011,95,Guaviare,3015,1978,3265
2011,97,Vaupes,316,125,351
2011,99,Vichada,942,279,1025
2012,0,SIN DEFINIR,418,8192,456
2012,5,Antioquia,53854,167853,71807
2012,8,Atlantico,917,14770,1072
2012,11,"Bogota, D.C.",1221,42737,1489
2012,13,Bolivar,6995,40582,8181
2012,15,Boyaca,881,4116,1083
2012,17,Caldas,1583,12052,1866
2012,18,Caqueta,15894,17543,21924
2012,19,Cauca,48973,41107,65049
2012,20,Cesar,3499,34369,4108
2012,23,Cordoba,11843,34738,13847
2012,25,Cundinamarca,1841,12578,2217
2012,27,Choco,21836,27147,25904
2012,41,Huila,8181,17618,10267
2012,44,La Guajira,4428,12317,5159
2012,47,Magdalena,5115,28070,6152
2012,50,Meta,6732,21199,8251
2012,52,Nariï¿½o,41577,40608,51249
2012,54,Norte De Santander,10040,19108,12022
2012,63,Quindio,839,6767,1056
2012,66,Risaralda,3263,10123,3811
2012,68,Santander,2662,16947,3161
2012,70,Sucre,2228,22485,2571
2012,73,Tolima,11804,16656,15300
2012,76,Valle del Cauca,33934,45612,39056
2012,81,Arauca,4706,6924,5734
2012,85,Casanare,1154,7013,1397
2012,86,Putumayo,11167,14571,14240
2012,88,"Archip.De San Andres, Providencia y Santa Catalina",8,12,9
2012,91,Amazonas,202,216,255
2012,94,Guainia,308,686,333
2012,95,Guaviare,3056,3222,3763
2012,97,Vaupes,336,335,435
2012,99,Vichada,811,470,987
2013,0,SIN DEFINIR,314,9719,348
2013,5,Antioquia,53663,184528,65301
2013,8,Atlantico,1092,21538,1321
2013,11,"Bogota, D.C.",845,50363,976
2013,13,Bolivar,10343,59801,11401
2013,15,Boyaca,1093,4434,1348
2013,17,Caldas,1639,16488,1946
2013,18,Caqueta,16094,20980,22268
2013,19,Cauca,41779,39811,51198
2013,20,Cesar,3811,48669,4467
2013,23,Cordoba,15330,50814,16708
2013,25,Cundinamarca,1540,16775,1875
2013,27,Choco,21986,35901,26588
2013,41,Huila,9965,19079,12573
2013,44,La Guajira,4310,17870,4771
2013,47,Magdalena,6041,45672,6730
2013,50,Meta,6259,20026,7474
2013,52,Nariï¿½o,39318,52157,47024
2013,54,Norte De Santander,11944,30502,14209
2013,63,Quindio,1006,7419,1217
2013,66,Risaralda,1938,13545,2352
2013,68,Santander,2817,22413,3426
2013,70,Sucre,2782,34330,3067
2013,73,Tolima,11954,19047,15323
2013,76,Valle del Cauca,52210,70184,59094
2013,81,Arauca,3878,10404,4707
2013,85,Casanare,1278,8335,1662
2013,86,Putumayo,10286,12681,13132
2013,88,"Archip.De San Andres, Providencia y Santa Catalina",6,66,7
2013,91,Amazonas,217,301,300
2013,94,Guainia,444,631,496
2013,95,Guaviare,3388,3471,4038
2013,97,Vaupes,330,905,400
2013,99,Vichada,735,667,877
2014,0,SIN DEFINIR,161,14067,174
2014,5,Antioquia,38257,183797,48179
2014,8,Atlantico,1028,17218,1272
2014,11,"Bogota, D.C.",1078,70021,1447
2014,13,Bolivar,10630,55150,11604
2014,15,Boyaca,873,4528,1075
2014,17,Caldas,1533,20489,1887
2014,18,Caqueta,16656,19213,23058
2014,19,Cauca,32124,50727,38537
2014,20,Cesar,5092,44908,5851
2014,23,Cordoba,12886,44111,14177
2014,25,Cundinamarca,1583,18309,2022
2014,27,Choco,21687,27439,25033
2014,41,Huila,10174,18882,12674
2014,44,La Guajira,5932,13205,6604
2014,47,Magdalena,8900,51952,9557
2014,50,Meta,5849,20316,7154
2014,52,Nariï¿½o,39632,51185,45159
2014,54,Norte De Santander,11347,27849,12841
2014,63,Quindio,1050,6874,1397
2014,66,Risaralda,2390,15659,3046
2014,68,Santander,2644,22810,3161
2014,70,Sucre,3356,33613,3728
2014,73,Tolima,13171,17493,17231
2014,76,Valle del Cauca,64755,79425,73643
2014,81,Arauca,3831,7317,4653
2014,85,Casanare,1469,10133,1957
2014,86,Putumayo,9875,11357,12622
2014,88,"Archip.De San Andres, Providencia y Santa Catalina",10,59,14
2014,91,Amazonas,297,449,398
2014,94,Guainia,414,765,473
2014,95,Guaviare,2175,2024,2575
2014,97,Vaupes,250,1617,275
2014,99,Vichada,702,532,842
2015,0,SIN DEFINIR,208,14885,237
2015,5,Antioquia,31469,151120,38449
2015,8,Atlantico,840,15208,1003
2015,11,"Bogota, D.C.",934,46657,1215
2015,13,Bolivar,7954,51825,8802
2015,15,Boyaca,702,4324,903
2015,17,Caldas,1111,15671,1351
2015,18,Caqueta,12310,15161,17432
2015,19,Cauca,24944,38139,30109
2015,20,Cesar,4325,41793,5097
2015,23,Cordoba,8043,31292,9091
2015,25,Cundinamarca,1167,17311,1486
2015,27,Choco,21053,25443,23663
2015,41,Huila,8176,16576,10297
2015,44,La Guajira,2651,21019,2962
2015,47,Magdalena,6873,57449,7298
2015,50,Meta,4956,15981,6215
2015,52,Nariï¿½o,29119,40612,33103
2015,54,Norte De Santander,16412,38472,17856
2015,63,Quindio,673,4240,859
2015,66,Risaralda,1682,12522,2119
2015,68,Santander,2105,19969,2677
2015,70,Sucre,3250,39266,3579
2015,73,Tolima,10119,14619,13359
2015,76,Valle del Cauca,33296,58698,37944
2015,81,Arauca,3281,8301,4086
2015,85,Casanare,813,8639,1016
2015,86,Putumayo,8018,11307,10273
2015,88,"Archip.De San Andres, Providencia y Santa Catalina",29,50,35
2015,91,Amazonas,206,285,268
2015,94,Guainia,294,982,355
2015,95,Guaviare,1420,2274,1757
2015,97,Vaupes,210,2369,235
2015,99,Vichada,600,697,733
2016,0,SIN DEFINIR,159,9190,178
2016,5,Antioquia,20051,25352,25319
2016,8,Atlantico,592,2141,745
2016,11,"Bogota, D.C.",559,21332,768
2016,13,Bolivar,5738,5263,6652
2016,15,Boyaca,692,1264,878
2016,17,Caldas,613,1941,767
2016,18,Caqueta,5523,4840,7846
2016,19,Cauca,8384,11211,10423
2016,20,Cesar,1997,3463,2422
2016,23,Cordoba,6400,6605,7597
2016,25,Cundinamarca,694,3411,872
2016,27,Choco,24161,20155,27428
2016,41,Huila,3513,5369,4581
2016,44,La Guajira,1708,2638,1987
2016,47,Magdalena,2055,3893,2486
2016,50,Meta,3082,4389,3913
2016,52,Nariï¿½o,14615,14303,17727
2016,54,Norte De Santander,10030,10160,11525
2016,63,Quindio,461,1512,597
2016,66,Risaralda,1568,3457,1913
2016,68,Santander,1767,3444,2156
2016,70,Sucre,2137,4082,2477
2016,73,Tolima,6940,6792,8929
2016,76,Valle del Cauca,18591,24811,22718
2016,81,Arauca,2559,2123,3318
2016,85,Casanare,887,1700,1138
2016,86,Putumayo,3545,2749,4385
2016,88,"Archip.De San Andres, Providencia y Santa Catalina",0,18,0
2016,91,Amazonas,125,125,177
2016,94,Guainia,155,159,162
2016,95,Guaviare,893,553,1121
2016,97,Vaupes,157,137,182
2016,99,Vichada,425,147,559
2017,0,SIN DEFINIR,101,10418,116
2017,5,Antioquia,17835,21599,23003
2017,8,Atlantico,641,1653,829
2017,11,"Bogota, D.C.",569,24181,813
2017,13,Bolivar,8336,5180,9257
2017,15,Boyaca,358,875,480
2017,17,Caldas,348,1026,455
2017,18,Caqueta,3126,2792,4327
2017,19,Cauca,10140,17080,12772
2017,20,Cesar,2142,3166,2627
2017,23,Cordoba,6773,5080,7858
2017,25,Cundinamarca,451,1883,587
2017,27,Choco,19549,16361,22997
2017,41,Huila,1611,2503,2095
2017,44,La Guajira,1127,2007,1354
2017,47,Magdalena,1979,3214,2512
2017,50,Meta,2658,3337,3492
2017,52,Nariï¿½o,22139,16819,26899
2017,54,Norte De Santander,10548,9935,12060
2017,63,Quindio,220,1293,262
2017,66,Risaralda,1560,3051,1722
2017,68,Santander,1057,2682,1366
2017,70,Sucre,2574,7390,2874
2017,73,Tolima,2708,3420,3668
2017,76,Valle del Cauca,16387,25348,19793
2017,81,Arauca,2075,1793,2813
2017,85,Casanare,620,1371,836
2017,86,Putumayo,2438,2578,3046
2017,88,"Archip.De San Andres, Providencia y Santa Catalina",0,6,0
2017,91,Amazonas,115,120,182
2017,94,Guainia,239,874,283
2017,95,Guaviare,907,691,1223
2017,97,Vaupes,131,158,187
2017,99,Vichada,485,288,607
2018,0,SIN DEFINIR,27,2311,30
2018,5,Antioquia,36702,40471,45292
2018,8,Atlantico,492,8145,625
2018,11,"Bogota, D.C.",378,22443,547
2018,13,Bolivar,9473,10578,10565
2018,15,Boyaca,357,790,524
2018,17,Caldas,320,1073,413
2018,18,Caqueta,3924,3080,5604
2018,19,Cauca,10863,8468,13837
2018,20,Cesar,1743,4895,2134
2018,23,Cordoba,8806,7199,10121
2018,25,Cundinamarca,311,2226,398
2018,27,Choco,20369,17927,24006
2018,41,Huila,1506,2986,1929
2018,44,La Guajira,965,1341,1164
2018,47,Magdalena,1210,1255,1556
2018,50,Meta,2376,3418,3094
2018,52,Nariï¿½o,28272,22574,34144
2018,54,Norte De Santander,49622,37858,57657
2018,63,Quindio,139,811,181
2018,66,Risaralda,575,2150,755
2018,68,Santander,844,2756,1071
2018,70,Sucre,2335,8148,2531
2018,73,Tolima,2344,2551,3165
2018,76,Valle del Cauca,14343,22554,16422
2018,81,Arauca,3378,2078,4586
2018,85,Casanare,634,1159,862
2018,86,Putumayo,2460,2269,3185
2018,88,"Archip.De San Andres, Providencia y Santa Catalina",6,4,8
2018,91,Amazonas,118,147,187
2018,94,Guainia,251,873,289
2018,95,Guaviare,1083,825,1380
2018,97,Vaupes,120,73,134
2018,99,Vichada,543,226,778
2019,0,SIN DEFINIR,45,953,45
2019,5,Antioquia,32578,33570,42024
2019,8,Atlantico,258,1398,361
2019,11,"Bogota, D.C.",557,14884,833
2019,13,Bolivar,5820,6218,6901
2019,15,Boyaca,258,714,344
2019,17,Caldas,191,1130,276
2019,18,Caqueta,3903,3052,5693
2019,19,Cauca,15309,10855,20218
2019,20,Cesar,1576,3241,1930
2019,23,Cordoba,15994,9760,18611
2019,25,Cundinamarca,106,1800,135
2019,27,Choco,31925,26201,35952
2019,41,Huila,1530,2457,2119
2019,44,La Guajira,759,778,1050
2019,47,Magdalena,1165,1045,1559
2019,50,Meta,2573,3329,3323
2019,52,Nariï¿½o,32673,23277,38860
2019,54,Norte De Santander,17208,18933,19728
2019,63,Quindio,102,642,115
2019,66,Risaralda,377,2100,498
2019,68,Santander,493,2338,642
2019,70,Sucre,2769,11433,3159
2019,73,Tolima,1796,1746,2578
2019,76,Valle del Cauca,18011,25660,20193
2019,81,Arauca,3819,1770,5294
2019,85,Casanare,510,1152,692
2019,86,Putumayo,2819,2057,3773
2019,88,"Archip.De San Andres, Providencia y Santa Catalina",0,1,0
2019,91,Amazonas,99,97,122
2019,94,Guainia,330,386,355
2019,95,Guaviare,734,504,955
2019,97,Vaupes,50,41,72
2019,99,Vichada,427,173,562
2020,0,SIN DEFINIR,17,166,24
2020,5,Antioquia,23331,21564,29084
2020,8,Atlantico,121,428,161
2020,11,"Bogota, D.C.",257,11153,422
2020,13,Bolivar,4832,2237,5910
2020,15,Boyaca,192,393,253
2020,17,Caldas,151,436,207
2020,18,Caqueta,2671,2359,3985
2020,19,Cauca,12156,6443,16081
2020,20,Cesar,973,1412,1242
2020,23,Cordoba,8997,5805,10676
2020,25,Cundinamarca,175,891,241
2020,27,Choco,34312,28495,38367
2020,41,Huila,1420,1648,2109
2020,44,La Guajira,588,333,777
2020,47,Magdalena,802,689,1004
2020,50,Meta,1923,1868,2403
2020,52,Nariï¿½o,21734,21952,26886
2020,54,Norte De Santander,30870,27853,33259
2020,63,Quindio,59,285,71
2020,66,Risaralda,478,1040,653
2020,68,Santander,328,852,445
2020,70,Sucre,3167,4428,3556
2020,73,Tolima,1254,1379,1639
2020,76,Valle del Cauca,7289,9999,8409
2020,81,Arauca,2194,1023,3096
2020,85,Casanare,365,456,493
2020,86,Putumayo,2383,1603,3372
2020,91,Amazonas,62,34,96
2020,94,Guainia,87,58,99
2020,95,Guaviare,702,284,857
2020,97,Vaupes,19,10,27
2020,99,Vichada,272,86,371
2021,0,SIN DEFINIR,12,458,12
2021,5,Antioquia,35224,29388,45514
2021,8,Atlantico,388,1525,503
2021,11,"Bogota, D.C.",306,10882,410
2021,13,Bolivar,16802,8172,19714
2021,15,Boyaca,206,502,262
2021,17,Caldas,176,752,234
2021,18,Caqueta,4325,3910,6374
2021,19,Cauca,26199,17615,34024
2021,20,Cesar,1992,1877,2639
2021,23,Cordoba,15869,11050,18431
2021,25,Cundinamarca,275,1475,380
2021,27,Choco,40525,35098,51315
2021,41,Huila,2199,3435,3161
2021,44,La Guajira,1212,834,1624
2021,47,Magdalena,1848,1131,2274
2021,50,Meta,2681,2221,3679
2021,52,Nariï¿½o,45540,38068,53200
2021,54,Norte De Santander,16830,13446,19819
2021,63,Quindio,47,628,71
2021,66,Risaralda,1720,2473,2436
2021,68,Santander,616,1888,803
2021,70,Sucre,7706,21639,8821
2021,73,Tolima,1955,2071,2630
2021,76,Valle del Cauca,26397,25093,28616
2021,81,Arauca,4721,1885,6330
2021,85,Casanare,641,839,881
2021,86,Putumayo,4233,2926,5779
2021,91,Amazonas,137,63,207
2021,94,Guainia,253,237,291
2021,95,Guaviare,803,486,1103
2021,97,Vaupes,46,25,74
2021,99,Vichada,221,41,288
2022,0,SIN DEFINIR,112,580,142
2022,5,Antioquia,27355,24725,37014
2022,8,Atlantico,798,1033,1058
2022,11,"Bogota, D.C.",779,16242,1041
2022,13,Bolivar,22245,16785,26958
2022,15,Boyaca,374,1610,511
2022,17,Caldas,283,939,390
2022,18,Caqueta,6934,6149,10731
2022,19,Cauca,34383,23192,44084
2022,20,Cesar,3473,3597,4594
2022,23,Cordoba,19625,16225,23940
2022,25,Cundinamarca,435,3228,605
2022,27,Choco,51998,41145,59631
2022,41,Huila,3558,5868,5017
2022,44,La Guajira,1681,1217,2235
2022,47,Magdalena,4750,3280,5492
2022,50,Meta,4129,5379,5657
2022,52,Nariï¿½o,61150,48204,73491
2022,54,Norte De Santander,26319,23798,30949
2022,63,Quindio,101,1059,157
2022,66,Risaralda,2398,3844,3404
2022,68,Santander,1629,5670,2261
2022,70,Sucre,10340,28956,12350
2022,73,Tolima,3052,2705,4401
2022,76,Valle del Cauca,42606,53853,48804
2022,81,Arauca,34125,17502,45254
2022,85,Casanare,1021,2863,1419
2022,86,Putumayo,6995,4859,10085
2022,91,Amazonas,254,156,346
2022,94,Guainia,422,487,588
2022,95,Guaviare,1321,777,1727
2022,97,Vaupes,60,36,95
2022,99,Vichada,446,175,692
